EventId_x,Type_x,Severity_x,Type_y,Severity_y,Distance(mi),Side
W-4994833,Rain,Heavy,Congestion,2.0,0.0,R
W-2351435,Rain,Light,Congestion,2.0,0.0,L
W-202418,Rain,Moderate,Congestion,2.0,0.0,L
W-202419,Precipitation,UNK,Congestion,2.0,0.0,L
W-2191399,Rain,Light,Congestion,2.0,0.0,R
W-202420,Rain,Heavy,Congestion,2.0,0.0,L
W-5703221,Rain,Light,Congestion,2.0,0.0,R
W-5767663,Rain,Light,Congestion,1.0,0.0,R
W-4994834,Rain,Light,Congestion,2.0,0.0,R
W-5767664,Rain,Moderate,Congestion,1.0,0.0,R
W-278608,Rain,Light,Congestion,1.0,0.0,L
W-4994835,Rain,Moderate,Congestion,2.0,0.0,R
W-5767665,Rain,Heavy,Lane-Blocked,3.0,0.0,R
W-202421,Rain,Light,Congestion,1.0,0.0,R
W-4994836,Rain,Heavy,Congestion,2.0,0.0,R
W-5772630,Rain,Moderate,Lane-Blocked,3.0,0.0,R
W-4994837,Rain,Light,Congestion,2.0,0.0,R
W-5767666,Rain,Light,Lane-Blocked,3.0,0.0,R
W-4994838,Rain,Moderate,Congestion,2.0,0.0,R
W-5772631,Rain,Light,Lane-Blocked,3.0,0.0,R
W-5767667,Rain,Moderate,Lane-Blocked,3.0,0.0,R
W-2191400,Rain,Heavy,Lane-Blocked,3.0,0.0,R
W-4994839,Rain,Light,Congestion,1.0,0.0,R
W-1317124,Cold,Severe,Broken-Vehicle,3.0,0.0,R
W-2892741,Rain,Light,Congestion,1.0,0.0,L
W-2892742,Rain,Light,Congestion,1.0,0.0,L
W-1317126,Rain,Light,Congestion,1.0,0.0,R
W-1712993,Rain,Light,Congestion,1.0,0.0,R
W-1317127,Cold,Severe,Congestion,1.0,0.0,R
W-1523834,Rain,Light,Congestion,1.0,0.0,R
W-1712994,Fog,Severe,Congestion,1.0,0.0,R
W-1712995,Rain,Heavy,Congestion,1.0,0.0,L
W-1523835,Rain,Moderate,Congestion,1.0,0.0,R
W-1523836,Rain,Light,Congestion,1.0,0.0,R
W-202422,Rain,Light,Congestion,1.0,0.0,R
W-2351436,Rain,Light,Congestion,1.0,0.0,R
W-2892743,Rain,Light,Congestion,1.0,0.0,L
W-202423,Fog,Moderate,Congestion,1.0,0.0,R
W-1712996,Rain,Moderate,Congestion,1.0,0.0,R
W-5083275,Rain,Light,Congestion,1.0,0.0,R
W-2351437,Rain,Heavy,Congestion,1.0,0.0,R
W-1317128,Rain,Light,Congestion,1.0,0.0,L
W-1712997,Rain,Light,Congestion,1.0,0.0,L
W-5746476,Rain,Light,Congestion,1.0,0.0,R
W-1712998,Rain,Light,Congestion,1.0,0.0,R
W-1317129,Cold,Severe,Congestion,1.0,0.0,R
W-2351438,Rain,Light,Flow-Incident,2.0,0.0,L
W-1317130,Rain,Light,Congestion,1.0,0.0,R
W-5496853,Rain,Light,Congestion,1.0,0.0,R
W-1124526,Rain,Light,Accident,3.0,0.0,L
W-5418845,Rain,Light,Congestion,1.0,0.0,R
W-2013063,Rain,Light,Congestion,2.0,0.0,R
W-202424,Rain,Light,Flow-Incident,2.0,0.0,R
W-1317131,Cold,Severe,Construction,2.0,0.0,R
W-1378975,Fog,Moderate,Congestion,1.0,0.0,L
W-1633930,Rain,Light,Congestion,2.0,0.0,R
W-5746477,Rain,Light,Accident,2.0,0.0,R
W-1124527,Rain,Light,Congestion,2.0,0.0,R
W-1633931,Rain,Light,Congestion,2.0,0.0,R
W-2892748,Rain,Light,Congestion,1.0,0.0,R
W-5746478,Rain,Light,Congestion,1.0,0.0,R
W-5746479,Fog,Severe,Congestion,1.0,0.0,R
W-5012746,Rain,Heavy,Congestion,1.0,0.0,R
W-5746481,Rain,Moderate,Congestion,1.0,0.0,R
W-2892749,Rain,Light,Congestion,2.0,0.0,R
W-1633936,Rain,Light,Accident,3.0,0.0,R
W-5012748,Rain,Light,Congestion,2.0,0.0,R
W-5746483,Rain,Light,Accident,2.0,0.0,R
W-1124529,Rain,Light,Congestion,2.0,0.0,R
W-5418849,Rain,Light,Congestion,2.0,0.0,R
W-1124530,Rain,Light,Accident,3.0,0.0,R
W-1378976,Fog,Moderate,Accident,2.0,0.0,R
W-5418850,Rain,Light,Flow-Incident,3.0,0.0,R
W-2892750,Rain,Light,Congestion,1.0,0.0,L
W-1124531,Rain,Light,Congestion,2.0,0.0,R
W-2892751,Rain,Light,Congestion,1.0,0.0,L
W-1317135,Cold,Severe,Congestion,0.0,0.0,R
W-2013064,Rain,Light,Accident,2.0,0.0,R
W-5496856,Rain,Light,Lane-Blocked,2.0,0.0,R
W-1317136,Cold,Severe,Broken-Vehicle,2.0,0.0,R
W-303324,Cold,Severe,Congestion,1.0,0.0,L
W-1317137,Rain,Light,Congestion,2.0,0.0,R
W-1317138,Cold,Severe,Congestion,2.0,0.0,R
W-303325,Rain,Light,Congestion,1.0,0.0,L
W-1712999,Rain,Light,Congestion,1.0,0.0,L
W-1186925,Rain,Light,Congestion,2.0,0.0,R
W-1186926,Rain,Moderate,Congestion,2.0,0.0,R
W-1186927,Rain,Light,Congestion,2.0,0.0,R
W-1186928,Fog,Moderate,Congestion,2.0,0.0,R
W-1186929,Rain,Light,Congestion,2.0,0.0,R
W-1713000,Rain,Light,Congestion,0.0,0.0,L
W-4994840,Rain,Light,Congestion,1.0,0.0,L
W-1186930,Precipitation,UNK,Congestion,1.0,0.0,L
W-1713001,Rain,Light,Congestion,0.0,0.0,L
W-202425,Rain,Light,Congestion,0.0,0.0,R
W-979885,Rain,Light,Congestion,1.0,0.0,R
W-2351439,Rain,Light,Congestion,0.0,0.0,R
W-5496857,Rain,Light,Congestion,0.0,0.0,L
W-4994841,Rain,Light,Congestion,1.0,0.0,R
W-1523841,Fog,Moderate,Congestion,1.0,0.0,L
W-1317140,Cold,Severe,Congestion,1.0,0.0,L
W-1713002,Rain,Moderate,Congestion,1.0,0.0,L
W-202426,Fog,Severe,Congestion,1.0,0.0,R
W-4546808,Rain,Light,Congestion,1.0,0.0,L
W-1633937,Rain,Light,Congestion,1.0,0.0,R
W-202427,Rain,Heavy,Congestion,0.0,0.0,R
W-2013065,Rain,Light,Congestion,1.0,0.0,R
W-5083276,Rain,Light,Congestion,2.0,0.0,R
W-2351440,Fog,Severe,Congestion,0.0,0.0,R
W-1378983,Fog,Moderate,Congestion,1.0,0.0,R
W-1713003,Rain,Heavy,Congestion,1.0,0.0,L
W-788231,Rain,Light,Congestion,2.0,0.0,L
W-5767669,Rain,Light,Congestion,1.0,0.0,R
W-202428,Rain,Light,Congestion,0.0,0.0,R
W-3796949,Rain,Light,Congestion,1.0,0.0,L
W-788232,Rain,Moderate,Congestion,1.0,0.0,R
W-1124532,Rain,Light,Congestion,2.0,0.0,R
W-2351441,Rain,Heavy,Congestion,1.0,0.0,L
W-3842635,Rain,Light,Congestion,1.0,0.0,R
W-4994842,Rain,Light,Flow-Incident,3.0,0.0,R
W-4227782,Rain,Light,Congestion,1.0,0.0,R
W-278609,Rain,Light,Congestion,0.0,0.0,R
W-1713004,Rain,Light,Congestion,1.0,0.0,L
W-788233,Precipitation,UNK,Congestion,1.0,0.0,L
W-5083277,Rain,Moderate,Congestion,2.0,0.0,L
W-5772632,Rain,Light,Congestion,1.0,0.0,L
W-5083278,Fog,Severe,Congestion,2.0,0.0,L
W-1633938,Rain,Light,Congestion,1.0,0.0,L
W-5418851,Rain,Light,Congestion,1.0,0.0,L
W-1317141,Cold,Severe,Congestion,1.0,0.0,L
W-2351442,Rain,Light,Congestion,1.0,0.0,R
W-1124533,Fog,Moderate,Congestion,1.0,0.0,R
W-2892754,Rain,Light,Congestion,1.0,0.0,R
W-4227783,Rain,Light,Congestion,2.0,0.0,L
W-5496858,Rain,Light,Congestion,0.0,0.0,R
W-5767670,Rain,Light,Congestion,2.0,0.0,L
W-5418852,Rain,Moderate,Flow-Incident,3.0,0.0,R
W-2351443,Rain,Moderate,Congestion,1.0,0.0,R
W-1124534,Rain,Light,Congestion,1.0,0.0,R
W-2191404,Rain,Light,Congestion,2.0,0.0,L
W-5012749,Rain,Light,Congestion,1.0,0.0,R
W-2892755,Rain,Light,Congestion,1.0,0.0,R
W-5746484,Rain,Light,Congestion,2.0,0.0,R
W-2351444,Rain,Light,Accident,2.0,0.0,R
W-1633939,Rain,Moderate,Congestion,1.0,0.0,L
W-5012750,Fog,Severe,Congestion,2.0,0.0,R
W-5496859,Fog,Severe,Congestion,2.0,0.0,L
W-5746485,Fog,Severe,Congestion,1.0,0.0,R
W-1633940,Rain,Heavy,Congestion,1.0,0.0,L
W-202429,Rain,Light,Accident,2.0,0.0,R
W-5012751,Rain,Light,Congestion,1.0,0.0,R
W-2191405,Rain,Light,Congestion,2.0,0.0,R
W-5012752,Rain,Moderate,Congestion,1.0,0.0,R
W-5012753,Rain,Heavy,Congestion,2.0,0.0,R
W-4894941,Rain,Light,Congestion,1.0,0.0,L
W-5703222,Rain,Moderate,Congestion,2.0,0.0,L
W-5418853,Rain,Light,Congestion,1.0,0.0,L
W-5703223,Rain,Heavy,Congestion,2.0,0.0,L
W-5767671,Rain,Light,Accident,3.0,0.0,R
W-788234,Rain,Light,Broken-Vehicle,2.0,0.0,R
W-2510091,Rain,Light,Congestion,1.0,0.0,L
W-1586434,Rain,Light,Congestion,2.0,0.0,R
W-2892756,Rain,Heavy,Congestion,1.0,0.0,R
W-2723235,Rain,Light,Broken-Vehicle,2.0,0.0,R
W-5746486,Fog,Moderate,Accident,2.0,0.0,R
W-2892757,Rain,Light,Accident,2.0,0.0,R
W-5703224,Rain,Moderate,Congestion,1.0,0.0,L
W-5586161,Rain,Light,Congestion,2.0,0.0,R
W-2510092,Rain,Light,Congestion,1.0,0.0,L
W-303326,Fog,Moderate,Congestion,1.0,0.0,L
W-5586162,Rain,Light,Congestion,2.0,0.0,R
W-5746487,Rain,Heavy,Accident,2.0,0.0,R
W-4994843,Rain,Light,Congestion,1.0,0.0,R
W-5746488,Rain,Light,Accident,2.0,0.0,R
W-5703225,Rain,Light,Congestion,3.0,0.0,R
W-5772634,Rain,Light,Congestion,3.0,0.0,R
W-2191406,Rain,Light,Congestion,3.0,0.0,R
W-5012754,Rain,Moderate,Accident,2.0,0.0,R
W-5767672,Rain,Light,Congestion,3.0,0.0,R
W-303327,Rain,Light,Congestion,2.0,0.0,R
W-5703226,Rain,Light,Congestion,1.0,0.0,R
W-5772635,Rain,Light,Congestion,1.0,0.0,R
W-1633945,Rain,Moderate,Congestion,2.0,0.0,R
W-1124537,Rain,Light,Congestion,3.0,0.0,R
W-1633946,Rain,Light,Congestion,2.0,0.0,R
W-1186931,Rain,Light,Lane-Blocked,2.0,0.0,L
W-1633947,Rain,Light,Accident,3.0,0.0,R
W-1317147,Cold,Severe,Congestion,1.0,0.0,R
W-1317148,Cold,Severe,Congestion,1.0,0.0,R
W-2892759,Rain,Light,Congestion,2.0,0.0,R
W-2892760,Rain,Light,Congestion,2.0,0.0,R
W-278611,Rain,Light,Accident,2.0,0.0,L
W-788235,Rain,Moderate,Congestion,1.0,0.0,L
W-788236,Rain,Light,Congestion,1.0,0.0,L
W-278612,Rain,Moderate,Accident,2.0,0.0,L
W-3796950,Rain,Light,Congestion,1.0,0.0,L
W-4227785,Rain,Light,Event,2.0,0.0,L
W-5767675,Rain,Heavy,Accident,3.0,0.0,R
W-2191408,Rain,Light,Accident,3.0,0.0,R
W-5767676,Rain,Moderate,Accident,3.0,0.0,R
W-5703228,Rain,Light,Accident,3.0,0.0,R
W-5703229,Rain,Heavy,Accident,2.0,0.0,R
W-5767677,Rain,Heavy,Accident,2.0,0.0,R
W-5703230,Rain,Light,Accident,2.0,0.0,R
W-4227789,Rain,Light,Accident,3.0,0.0,R
W-278615,Rain,Light,Accident,2.0,0.0,R
W-4227790,Rain,Moderate,Accident,3.0,0.0,R
W-4227791,Fog,Severe,Accident,2.0,0.0,R
W-2191409,Rain,Light,Accident,2.0,0.0,R
W-4227792,Rain,Heavy,Accident,2.0,0.0,R
W-4994848,Rain,Light,Accident,2.0,0.0,R
W-5767678,Rain,Light,Accident,3.0,0.0,R
W-2191410,Cold,Severe,Accident,3.0,0.0,R
W-2191411,Rain,Light,Accident,3.0,0.0,R
W-278616,Rain,Moderate,Accident,2.0,0.0,R
W-4994849,Rain,Moderate,Accident,2.0,0.0,R
W-5772636,Rain,Light,Accident,3.0,0.0,R
W-2191412,Fog,Severe,Accident,3.0,0.0,R
W-4994850,Rain,Light,Accident,2.0,0.0,R
W-2191413,Rain,Light,Accident,3.0,0.0,R
W-5083283,Rain,Light,Accident,2.0,0.0,L
W-5703231,Rain,Light,Accident,3.0,0.0,R
W-278617,Rain,Light,Accident,2.0,0.0,R
W-788238,Rain,Light,Congestion,1.0,0.0,R
W-788239,Rain,Moderate,Congestion,1.0,0.0,R
W-3042986,Rain,Light,Congestion,1.0,0.0,R
W-3930527,Rain,Light,Lane-Blocked,3.0,0.0,R
W-1523847,Rain,Light,Congestion,1.0,0.0,L
W-788240,Fog,Severe,Accident,3.0,0.0,R
W-788241,Rain,Heavy,Accident,2.0,0.0,L
W-1523848,Rain,Moderate,Congestion,1.0,0.0,L
W-5586166,Rain,Light,Lane-Blocked,2.0,0.0,L
W-3042987,Rain,Light,Congestion,1.0,0.0,R
W-788242,Rain,Light,Accident,2.0,0.0,L
W-1523849,Fog,Severe,Congestion,1.0,0.0,L
W-1523850,Rain,Heavy,Congestion,1.0,0.0,L
W-1378986,Fog,Moderate,Congestion,2.0,0.0,L
W-3796952,Rain,Light,Congestion,0.0,0.0,R
W-3258552,Rain,Light,Flow-Incident,3.0,0.0,R
W-788243,Rain,Light,Accident,2.0,0.0,R
W-3796953,Rain,Moderate,Congestion,1.0,0.0,R
W-4546809,Rain,Light,Congestion,1.0,0.0,R
W-3796954,Rain,Heavy,Congestion,2.0,0.0,R
W-303331,Rain,Light,Congestion,1.0,0.0,L
W-3842639,Rain,Light,Congestion,1.0,0.0,R
W-2456567,Rain,Light,Congestion,2.0,0.0,L
W-1586436,Rain,Light,Congestion,1.0,0.0,R
W-2723237,Rain,Heavy,Congestion,1.0,0.0,R
W-2723238,Rain,Light,Congestion,1.0,0.0,L
W-1378987,Rain,Light,Congestion,2.0,0.0,L
W-3796955,Rain,Light,Flow-Incident,1.0,0.0,L
W-788244,Rain,Moderate,Congestion,1.0,0.0,L
W-1186934,Fog,Moderate,Congestion,1.0,0.0,R
W-788245,Fog,Severe,Congestion,1.0,0.0,R
W-1186935,Fog,Severe,Congestion,0.0,0.0,L
W-1186936,Rain,Light,Congestion,0.0,0.0,L
W-788246,Rain,Heavy,Congestion,1.0,0.0,L
W-2892774,Rain,Light,Congestion,1.0,0.0,R
W-2723239,Rain,Heavy,Congestion,1.0,0.0,L
W-3258553,Rain,Light,Congestion,1.0,0.0,R
W-2892775,Rain,Light,Congestion,1.0,0.0,R
W-788247,Rain,Light,Congestion,2.0,0.0,R
W-2723240,Rain,Light,Congestion,1.0,0.0,R
W-2892776,Rain,Light,Congestion,1.0,0.0,R
W-1124541,Rain,Light,Congestion,1.0,0.0,L
W-2892777,Rain,Light,Congestion,1.0,0.0,L
W-4894945,Rain,Light,Congestion,1.0,0.0,R
W-1378988,Rain,Light,Flow-Incident,1.0,0.0,L
W-788248,Rain,Moderate,Accident,2.0,0.0,R
W-1186937,Rain,Heavy,Congestion,1.0,0.0,L
W-1186938,Rain,Light,Congestion,1.0,0.0,R
W-979887,Rain,Light,Congestion,1.0,0.0,L
W-1317156,Cold,Severe,Congestion,1.0,0.0,L
W-1186939,Rain,Moderate,Congestion,0.0,0.0,L
W-202433,Rain,Light,Congestion,1.0,0.0,L
W-1186940,Rain,Light,Accident,2.0,0.0,R
W-4994851,Rain,Light,Congestion,2.0,0.0,R
W-2191414,Rain,Light,Lane-Blocked,2.0,0.0,R
W-4994852,Rain,Light,Congestion,2.0,0.0,R
W-4994853,Rain,Light,Broken-Vehicle,2.0,0.0,R
W-2892778,Rain,Light,Congestion,1.0,0.0,L
W-925185,Rain,Light,Accident,2.0,0.0,L
W-3258554,Rain,Light,Congestion,1.0,0.0,L
W-1523851,Rain,Light,Lane-Blocked,2.0,0.0,L
W-3429913,Rain,Light,Congestion,2.0,0.0,L
W-5586168,Rain,Moderate,Congestion,2.0,0.0,R
W-1124542,Rain,Light,Congestion,1.0,0.0,R
W-1586437,Rain,Light,Congestion,2.0,0.0,R
W-6144287,Fog,Severe,Congestion,1.0,0.0,R
W-6144288,Fog,Moderate,Congestion,1.0,0.0,R
W-5703232,Rain,Light,Congestion,2.0,0.0,L
W-3842641,Rain,Light,Congestion,2.0,0.0,R
W-3930528,Rain,Light,Congestion,2.0,0.0,R
W-4227793,Rain,Light,Congestion,0.0,0.0,R
W-2351451,Rain,Light,Flow-Incident,2.0,0.0,R
W-2892780,Rain,Light,Congestion,1.0,0.0,L
W-2191415,Rain,Light,Congestion,2.0,0.0,R
W-2892781,Rain,Light,Congestion,1.0,0.0,L
W-5772637,Rain,Light,Broken-Vehicle,2.0,0.0,R
W-2892782,Rain,Light,Congestion,1.0,0.0,L
W-2892783,Rain,Light,Congestion,1.0,0.0,L
W-3796956,Rain,Light,Congestion,1.0,0.0,R
W-1186941,Rain,Light,Congestion,2.0,0.0,R
W-1186942,Rain,Light,Congestion,1.0,0.0,R
W-5746492,Rain,Light,Flow-Incident,2.0,0.0,R
W-5012761,Rain,Light,Flow-Incident,2.0,0.0,R
W-5746494,Rain,Moderate,Flow-Incident,2.0,0.0,R
W-1633950,Rain,Light,Congestion,1.0,0.0,R
W-2013066,Rain,Light,Congestion,1.0,0.0,R
W-1186943,Rain,Light,Congestion,1.0,0.0,R
W-2351452,Rain,Light,Congestion,2.0,0.0,R
W-5418859,Rain,Light,Congestion,0.0,0.0,L
W-5746495,Rain,Light,Congestion,1.0,0.0,R
W-1124544,Rain,Light,Congestion,1.0,0.0,L
W-303332,Rain,Light,Congestion,1.0,0.0,L
W-3042991,Rain,Light,Congestion,1.0,0.0,R
W-2013067,Rain,Light,Congestion,2.0,0.0,R
W-5703233,Rain,Light,Congestion,1.0,0.0,R
W-3842644,Rain,Light,Congestion,1.0,0.0,R
W-5012762,Rain,Moderate,Congestion,1.0,0.0,R
W-3930530,Rain,Light,Accident,3.0,0.0,R
W-3842645,Rain,Heavy,Congestion,1.0,0.0,R
W-1378990,Rain,Light,Congestion,1.0,0.0,R
W-5746496,Rain,Light,Congestion,1.0,0.0,R
W-3796957,Rain,Light,Congestion,1.0,0.0,L
W-788249,Rain,Light,Congestion,1.0,0.0,R
W-5012763,Rain,Light,Congestion,2.0,0.0,R
W-5746497,Rain,Moderate,Congestion,2.0,0.0,R
W-2013068,Rain,Light,Congestion,2.0,0.0,R
W-5746498,Rain,Heavy,Congestion,2.0,0.0,R
W-788250,Rain,Light,Congestion,1.0,0.0,R
W-5418860,Rain,Light,Congestion,1.0,0.0,R
W-5746499,Fog,Severe,Congestion,2.0,0.0,R
W-1633951,Rain,Moderate,Accident,3.0,0.0,R
W-3842646,Rain,Moderate,Accident,3.0,0.0,R
W-1633952,Fog,Severe,Congestion,1.0,0.0,R
W-5746500,Rain,Heavy,Congestion,2.0,0.0,R
W-1633953,Rain,Heavy,Congestion,1.0,0.0,R
W-1633954,Rain,Light,Congestion,1.0,0.0,R
W-5746501,Rain,Light,Congestion,2.0,0.0,R
W-1186944,Rain,Light,Congestion,1.0,0.0,R
W-1633955,Rain,Moderate,Congestion,1.0,0.0,R
W-3842647,Rain,Light,Accident,3.0,0.0,R
W-1633956,Rain,Light,Congestion,1.0,0.0,R
W-2191421,Rain,Light,Congestion,1.0,0.0,R
W-2191422,Rain,Light,Congestion,1.0,0.0,R
W-1713020,Rain,Light,Congestion,2.0,0.0,R
W-2351456,Rain,Light,Accident,3.0,0.0,R
W-2191423,Rain,Light,Accident,3.0,0.0,R
W-2191424,Rain,Light,Accident,3.0,0.0,R
W-1586438,Rain,Light,Congestion,1.0,0.0,R
W-5767679,Rain,Light,Accident,3.0,0.0,R
W-5703237,Rain,Light,Accident,3.0,0.0,R
W-5767680,Rain,Moderate,Accident,3.0,0.0,R
W-1586439,Storm,Severe,Congestion,1.0,0.0,R
W-5767681,Rain,Light,Accident,3.0,0.0,R
W-5772641,Rain,Light,Congestion,2.0,0.0,R
W-2191425,Rain,Light,Congestion,3.0,0.0,R
W-3930533,Rain,Light,Congestion,2.0,0.0,R
W-5703238,Rain,Moderate,Congestion,3.0,0.0,R
W-2892786,Rain,Light,Accident,2.0,0.0,L
W-5767682,Rain,Moderate,Flow-Incident,4.0,0.0,R
W-3042992,Rain,Light,Congestion,1.0,0.0,R
W-3796959,Rain,Light,Congestion,3.0,0.0,R
W-2191426,Rain,Moderate,Flow-Incident,4.0,0.0,R
W-5703239,Rain,Light,Congestion,2.0,0.0,R
W-979888,Rain,Light,Congestion,1.0,0.0,L
W-3796960,Rain,Heavy,Congestion,3.0,0.0,R
W-2723241,Rain,Light,Congestion,2.0,0.0,R
W-2191427,Rain,Light,Congestion,2.0,0.0,R
W-2723242,Rain,Moderate,Congestion,2.0,0.0,R
W-3930535,Rain,Heavy,Accident,3.0,0.0,R
W-3930536,Rain,Light,Accident,3.0,0.0,R
W-3930537,Rain,Moderate,Accident,3.0,0.0,R
W-5012764,Rain,Light,Lane-Blocked,3.0,0.0,R
W-5496871,Rain,Light,Congestion,1.0,0.0,L
W-1186945,Rain,Light,Congestion,1.0,0.0,R
W-788251,Rain,Light,Congestion,1.0,0.0,R
W-5767683,Rain,Light,Congestion,1.0,0.0,R
W-3796961,Rain,Light,Congestion,2.0,0.0,R
W-2191428,Rain,Moderate,Congestion,1.0,0.0,R
W-2191429,Rain,Light,Congestion,1.0,0.0,R
W-2892787,Rain,Light,Congestion,1.0,0.0,R
W-3930538,Rain,Light,Accident,3.0,0.0,R
W-5703240,Rain,Light,Congestion,1.0,0.0,R
W-5746502,Rain,Light,Congestion,2.0,0.0,R
W-925192,Rain,Light,Congestion,2.0,0.0,R
W-2892788,Rain,Light,Congestion,1.0,0.0,R
W-2191430,Rain,Moderate,Congestion,2.0,0.0,R
W-1124549,Rain,Light,Congestion,1.0,0.0,L
W-5012765,Rain,Moderate,Congestion,2.0,0.0,R
W-3842648,Rain,Light,Congestion,1.0,0.0,R
W-1633957,Rain,Light,Accident,3.0,0.0,R
W-5012766,Rain,Heavy,Congestion,2.0,0.0,R
W-5418863,Rain,Light,Accident,3.0,0.0,R
W-5703241,Rain,Light,Congestion,2.0,0.0,R
W-925193,Rain,Heavy,Congestion,2.0,0.0,R
W-5012767,Rain,Light,Congestion,1.0,0.0,R
W-1713021,Rain,Light,Congestion,1.0,0.0,R
W-2191431,Rain,Light,Congestion,2.0,0.0,L
W-5772642,Rain,Light,Congestion,2.0,0.0,L
W-2351458,Rain,Light,Congestion,2.0,0.0,R
W-3842649,Rain,Heavy,Congestion,2.0,0.0,R
W-2351459,Rain,Moderate,Congestion,2.0,0.0,R
W-202438,Rain,Light,Congestion,2.0,0.0,R
W-2351460,Fog,Severe,Congestion,2.0,0.0,R
W-1317181,Cold,Severe,Congestion,1.0,0.0,R
W-925196,Rain,Light,Congestion,1.0,0.0,R
W-202439,Rain,Light,Congestion,2.0,0.0,L
W-5703242,Rain,Light,Congestion,1.0,0.0,R
W-925197,Rain,Moderate,Congestion,1.0,0.0,R
W-2351462,Rain,Light,Congestion,2.0,0.0,L
W-2191432,Rain,Light,Congestion,1.0,0.0,R
W-925198,Rain,Light,Congestion,1.0,0.0,R
W-2191433,Rain,Light,Congestion,1.0,0.0,R
W-3842650,Rain,Light,Accident,3.0,0.0,R
W-5012768,Rain,Light,Lane-Blocked,3.0,0.0,R
W-1186946,Rain,Light,Congestion,2.0,0.0,R
W-5012769,Rain,Heavy,Congestion,2.0,0.0,R
W-5418864,Rain,Light,Accident,3.0,0.0,R
W-2351463,Rain,Light,Congestion,2.0,0.0,R
W-5746503,Rain,Light,Congestion,2.0,0.0,R
W-5012770,Rain,Light,Congestion,2.0,0.0,R
W-202441,Rain,Moderate,Congestion,2.0,0.0,R
W-202442,Rain,Heavy,Congestion,2.0,0.0,R
W-1633958,Rain,Light,Accident,3.0,0.0,R
W-1186947,Fog,Moderate,Congestion,2.0,0.0,R
W-1124553,Rain,Light,Congestion,2.0,0.0,R
W-3842651,Rain,Light,Congestion,1.0,0.0,R
W-5746504,Rain,Light,Congestion,2.0,0.0,L
W-5012771,Rain,Light,Accident,3.0,0.0,R
W-5496876,Rain,Light,Congestion,1.0,0.0,L
W-278629,Rain,Moderate,Accident,2.0,0.0,R
W-4227803,Rain,Moderate,Accident,3.0,0.0,R
W-278630,Fog,Severe,Accident,2.0,0.0,R
W-4227804,Rain,Heavy,Accident,3.0,0.0,R
W-278631,Rain,Heavy,Congestion,1.0,0.0,R
W-2191434,Rain,Light,Congestion,2.0,0.0,R
W-5767684,Rain,Light,Congestion,1.0,0.0,R
W-3842652,Rain,Light,Accident,3.0,0.0,R
W-2191435,Rain,Moderate,Congestion,2.0,0.0,R
W-2191436,Rain,Light,Congestion,0.0,0.0,R
W-4227805,Rain,Light,Congestion,1.0,0.0,R
W-5772643,Rain,Light,Congestion,2.0,0.0,R
W-5767685,Rain,Moderate,Congestion,0.0,0.0,R
W-5703243,Rain,Light,Congestion,0.0,0.0,R
W-278632,Rain,Light,Accident,2.0,0.0,L
W-5703244,Rain,Heavy,Congestion,1.0,0.0,R
W-2191437,Rain,Moderate,Congestion,1.0,0.0,R
W-2191438,Rain,Light,Congestion,1.0,0.0,R
W-278633,Rain,Moderate,Accident,2.0,0.0,R
W-5703245,Rain,Light,Accident,2.0,0.0,R
W-278634,Fog,Severe,Accident,2.0,0.0,R
W-4227806,Rain,Moderate,Accident,3.0,0.0,R
W-925199,Rain,Light,Congestion,1.0,0.0,R
W-278635,Rain,Heavy,Accident,2.0,0.0,R
W-4227807,Rain,Heavy,Accident,3.0,0.0,R
W-278636,Fog,Severe,Accident,2.0,0.0,R
W-5767686,Fog,Severe,Congestion,1.0,0.0,L
W-925200,Fog,Moderate,Congestion,1.0,0.0,R
W-2191439,Fog,Severe,Congestion,0.0,0.0,L
W-278637,Rain,Light,Accident,2.0,0.0,R
W-4227808,Rain,Light,Accident,3.0,0.0,R
W-5767687,Rain,Moderate,Lane-Blocked,3.0,0.0,R
W-4227809,Rain,Moderate,Accident,2.0,0.0,R
W-2191440,Rain,Light,Accident,3.0,0.0,R
W-5767688,Rain,Heavy,Accident,3.0,0.0,R
W-788252,Rain,Light,Accident,2.0,0.0,R
W-5703246,Rain,Moderate,Congestion,0.0,0.0,R
W-5703247,Rain,Heavy,Congestion,0.0,0.0,R
W-5767689,Rain,Light,Congestion,0.0,0.0,R
W-2191441,Rain,Heavy,Congestion,0.0,0.0,R
W-2191442,Rain,Light,Congestion,0.0,0.0,R
W-5703248,Rain,Light,Congestion,0.0,0.0,R
W-5703249,Rain,Moderate,Flow-Incident,3.0,0.0,R
W-3796962,Rain,Light,Congestion,1.0,0.0,R
W-1713030,Rain,Light,Congestion,1.0,0.0,R
W-4994863,Rain,Light,Congestion,0.0,0.0,R
W-5767690,Rain,Moderate,Accident,3.0,0.0,R
W-5496877,Rain,Light,Congestion,0.0,0.0,L
W-4227810,Rain,Moderate,Accident,3.0,0.0,R
W-4994864,Rain,Heavy,Congestion,1.0,0.0,R
W-2510130,Rain,Light,Congestion,2.0,0.0,L
W-1317186,Cold,Severe,Congestion,1.0,0.0,R
W-1124554,Rain,Light,Congestion,2.0,0.0,L
W-2191443,Rain,Light,Congestion,1.0,0.0,R
W-2723243,Rain,Light,Accident,3.0,0.0,R
W-788253,Rain,Light,Accident,2.0,0.0,R
W-5746506,Rain,Light,Accident,2.0,0.0,R
W-2723244,Rain,Moderate,Congestion,1.0,0.0,R
W-4227811,Precipitation,UNK,Congestion,1.0,0.0,R
W-5772644,Rain,Light,Broken-Vehicle,3.0,0.0,R
W-3796963,Rain,Moderate,Accident,2.0,0.0,L
W-3796964,Rain,Heavy,Accident,2.0,0.0,L
W-788254,Rain,Light,Accident,3.0,0.0,R
W-4994865,Rain,Light,Congestion,2.0,0.0,R
W-1124555,Rain,Light,Congestion,2.0,0.0,L
W-2723245,Fog,Severe,Accident,3.0,0.0,R
W-2723246,Rain,Heavy,Congestion,1.0,0.0,R
W-202443,Rain,Light,Accident,2.0,0.0,R
W-2892795,Rain,Light,Congestion,1.0,0.0,R
W-788255,Rain,Moderate,Congestion,1.0,0.0,R
W-1633960,Rain,Light,Accident,3.0,0.0,R
W-3258559,Rain,Light,Congestion,1.0,0.0,R
W-5012772,Rain,Light,Congestion,1.0,0.0,R
W-2510131,Rain,Light,Congestion,1.0,0.0,R
W-5703250,Rain,Light,Congestion,1.0,0.0,R
W-1124556,Rain,Light,Congestion,1.0,0.0,R
W-788256,Rain,Light,Congestion,1.0,0.0,L
W-2723247,Rain,Light,Congestion,1.0,0.0,L
W-4227812,Rain,Light,Accident,2.0,0.0,R
W-2191444,Rain,Light,Congestion,1.0,0.0,R
W-1490419,Rain,Light,Congestion,1.0,0.0,L
W-4227813,Rain,Moderate,Accident,2.0,0.0,R
W-5772645,Rain,Light,Congestion,1.0,0.0,R
W-1586441,Rain,Light,Flow-Incident,1.0,0.0,R
W-2191445,Rain,Light,Congestion,1.0,0.0,R
W-4227814,Rain,Heavy,Accident,2.0,0.0,R
W-979889,Rain,Light,Congestion,2.0,0.0,R
W-4227815,Fog,Severe,Accident,2.0,0.0,R
W-5746507,Rain,Light,Congestion,1.0,0.0,R
W-1523859,Rain,Heavy,Congestion,1.0,0.0,L
W-3042995,Rain,Light,Congestion,1.0,0.0,R
W-2191446,Rain,Moderate,Congestion,1.0,0.0,R
W-1523860,Rain,Light,Congestion,1.0,0.0,L
W-5767691,Rain,Light,Congestion,1.0,0.0,R
W-278640,Rain,Light,Accident,2.0,0.0,L
W-2191447,Rain,Light,Congestion,1.0,0.0,R
W-4546810,Rain,Light,Congestion,2.0,0.0,L
W-3796965,Rain,Light,Congestion,1.0,0.0,L
W-5703251,Rain,Light,Congestion,2.0,0.0,R
W-5767692,Rain,Heavy,Congestion,2.0,0.0,R
W-1378998,Rain,Light,Congestion,1.0,0.0,L
W-1378999,Fog,Severe,Congestion,1.0,0.0,L
W-1379000,Rain,Heavy,Congestion,1.0,0.0,L
W-1186948,Rain,Light,Congestion,1.0,0.0,L
W-1317187,Rain,Light,Flow-Incident,3.0,0.0,R
W-5703252,Rain,Light,Accident,3.0,0.0,R
W-2191448,Rain,Heavy,Accident,3.0,0.0,R
W-2191449,Rain,Light,Accident,3.0,0.0,R
W-1379001,Rain,Light,Congestion,1.0,0.0,L
W-1523861,Rain,Moderate,Congestion,1.0,0.0,R
W-3258560,Rain,Moderate,Congestion,1.0,0.0,L
W-1317188,Cold,Severe,Flow-Incident,3.0,0.0,R
W-3258561,Rain,Heavy,Congestion,1.0,0.0,L
W-1523862,Fog,Severe,Congestion,1.0,0.0,R
W-4773842,Rain,Light,Congestion,2.0,0.0,R
W-1379002,Rain,Moderate,Congestion,1.0,0.0,L
W-5012773,Rain,Light,Congestion,2.0,0.0,R
W-6144291,Fog,Severe,Congestion,1.0,0.0,R
W-1379003,Fog,Severe,Congestion,1.0,0.0,L
W-2892796,Rain,Light,Congestion,1.0,0.0,R
W-1379004,Rain,Moderate,Congestion,0.0,0.0,R
W-4773843,Rain,Moderate,Congestion,2.0,0.0,R
W-2013070,Rain,Light,Congestion,2.0,0.0,R
W-1633961,Rain,Light,Congestion,1.0,0.0,L
W-202445,Rain,Light,Congestion,1.0,0.0,L
W-1124557,Rain,Light,Congestion,2.0,0.0,R
W-5767693,Rain,Light,Congestion,1.0,0.0,L
W-4773844,Rain,Light,Congestion,2.0,0.0,R
W-3258562,Rain,Light,Accident,3.0,0.0,R
W-2892797,Rain,Moderate,Congestion,1.0,0.0,R
W-2191450,Precipitation,UNK,Congestion,0.0,0.0,R
W-1523863,Rain,Moderate,Congestion,1.0,0.0,R
W-2892798,Rain,Light,Congestion,1.0,0.0,R
W-1379005,Rain,Light,Congestion,0.0,0.0,R
W-3258563,Rain,Moderate,Accident,3.0,0.0,R
W-1186949,Rain,Light,Congestion,1.0,0.0,R
W-3258564,Rain,Heavy,Accident,3.0,0.0,R
W-3258565,Fog,Severe,Accident,3.0,0.0,R
W-3258566,Rain,Heavy,Accident,3.0,0.0,R
W-303336,Rain,Light,Congestion,1.0,0.0,L
W-925205,Rain,Light,Congestion,1.0,0.0,R
W-2892799,Precipitation,UNK,Congestion,1.0,0.0,L
W-2892800,Rain,Light,Congestion,2.0,0.0,R
W-5703253,Rain,Light,Broken-Vehicle,2.0,0.0,R
W-2191451,Rain,Light,Broken-Vehicle,2.0,0.0,R
W-3842654,Rain,Moderate,Congestion,1.0,0.0,R
W-3930546,Rain,Light,Congestion,1.0,0.0,L
W-5496878,Rain,Moderate,Congestion,1.0,0.0,R
W-2723248,Rain,Light,Congestion,1.0,0.0,R
W-1586442,Rain,Light,Congestion,2.0,0.0,L
W-1633962,Rain,Moderate,Accident,3.0,0.0,R
W-2191452,Rain,Light,Congestion,0.0,0.0,R
W-1633963,Rain,Light,Accident,3.0,0.0,R
W-2191453,Rain,Light,Congestion,0.0,0.0,R
W-5767694,Rain,Light,Congestion,2.0,0.0,R
W-2191454,Rain,Light,Congestion,2.0,0.0,R
W-5767695,Rain,Moderate,Congestion,2.0,0.0,R
W-2351466,Rain,Light,Congestion,0.0,0.0,L
W-2191455,Rain,Light,Congestion,1.0,0.0,R
W-5772648,Rain,Light,Congestion,1.0,0.0,R
W-2191456,Rain,Moderate,Congestion,1.0,0.0,R
W-5703254,Rain,Light,Congestion,1.0,0.0,R
W-2191458,Rain,Light,Flow-Incident,3.0,0.0,R
W-2191459,Rain,Light,Flow-Incident,3.0,0.0,R
W-5703255,Rain,Light,Flow-Incident,3.0,0.0,R
W-5767696,Rain,Moderate,Flow-Incident,3.0,0.0,R
W-1317195,Cold,Severe,Broken-Vehicle,3.0,0.0,R
W-278643,Rain,Light,Accident,2.0,0.0,L
W-5083291,Rain,Light,Accident,2.0,0.0,L
W-2191460,Rain,Light,Broken-Vehicle,2.0,0.0,L
W-5772650,Rain,Light,Broken-Vehicle,2.0,0.0,L
W-2351467,Rain,Light,Congestion,0.0,0.0,R
W-5586181,Rain,Light,Accident,2.0,0.0,R
W-1633964,Rain,Light,Congestion,0.0,0.0,R
W-5703256,Rain,Light,Broken-Vehicle,2.0,0.0,R
W-5772651,Rain,Light,Broken-Vehicle,2.0,0.0,R
W-4994867,Rain,Light,Congestion,1.0,0.0,R
W-4227825,Rain,Light,Construction,3.0,0.0,R
W-2191461,Rain,Light,Accident,2.0,0.0,R
W-5767697,Rain,Light,Accident,2.0,0.0,R
W-5703257,Rain,Light,Accident,2.0,0.0,R
W-5772652,Rain,Light,Accident,2.0,0.0,R
W-4994868,Rain,Light,Congestion,1.0,0.0,R
W-5703258,Rain,Moderate,Congestion,2.0,0.0,L
W-5767698,Rain,Light,Congestion,0.0,0.0,L
W-5703259,Rain,Heavy,Congestion,0.0,0.0,L
W-925207,Rain,Light,Congestion,1.0,0.0,R
W-4227826,Rain,Heavy,Accident,2.0,0.0,L
W-2191462,Fog,Severe,Congestion,0.0,0.0,L
W-3258570,Rain,Light,Congestion,1.0,0.0,L
W-925208,Rain,Moderate,Congestion,1.0,0.0,R
W-2191463,Rain,Light,Congestion,0.0,0.0,L
W-2191464,Rain,Heavy,Congestion,0.0,0.0,L
W-2191465,Rain,Light,Congestion,0.0,0.0,L
W-5703260,Rain,Moderate,Congestion,0.0,0.0,L
W-925209,Rain,Light,Congestion,1.0,0.0,R
W-2892802,Rain,Light,Congestion,1.0,0.0,L
W-2191466,Rain,Moderate,Congestion,1.0,0.0,R
W-2892803,Rain,Light,Congestion,1.0,0.0,R
W-5703262,Rain,Light,Congestion,1.0,0.0,R
W-2892804,Rain,Light,Congestion,1.0,0.0,R
W-303337,Rain,Light,Congestion,1.0,0.0,L
W-5012774,Rain,Light,Congestion,1.0,0.0,R
W-5418869,Rain,Light,Congestion,2.0,0.0,R
W-2191467,Rain,Light,Congestion,1.0,0.0,R
W-1124558,Rain,Light,Congestion,1.0,0.0,R
W-6144292,Fog,Severe,Flow-Incident,1.0,0.0,R
W-3796966,Rain,Light,Congestion,1.0,0.0,R
W-5418870,Rain,Moderate,Congestion,2.0,0.0,R
W-5496880,Rain,Light,Congestion,0.0,0.0,R
W-788257,Rain,Light,Congestion,0.0,0.0,R
W-2723249,Rain,Light,Congestion,0.0,0.0,R
W-2351468,Rain,Light,Accident,2.0,0.0,R
W-5083293,Rain,Light,Congestion,1.0,0.0,R
W-1909386,Rain,Light,Congestion,1.0,0.0,R
W-5418871,Rain,Light,Congestion,1.0,0.0,R
W-1124559,Rain,Light,Congestion,1.0,0.0,L
W-4614804,Rain,Light,Congestion,1.0,0.0,R
W-5496881,Rain,Light,Congestion,0.0,0.0,R
W-4614805,Rain,Moderate,Congestion,1.0,0.0,R
W-1633965,Rain,Light,Congestion,1.0,0.0,R
W-5012775,Rain,Light,Congestion,0.0,0.0,R
W-2351469,Rain,Light,Accident,2.0,0.0,L
W-2892805,Rain,Light,Congestion,1.0,0.0,R
W-3258571,Rain,Light,Congestion,1.0,0.0,L
W-1186950,Rain,Light,Congestion,0.0,0.0,R
W-1379006,Rain,Light,Flow-Incident,0.0,0.0,R
W-979890,Rain,Moderate,Congestion,1.0,0.0,R
W-2191468,Rain,Light,Congestion,0.0,0.0,R
W-1317198,Cold,Severe,Congestion,1.0,0.0,R
W-4994869,Rain,Light,Congestion,1.0,0.0,L
W-5772653,Rain,Light,Congestion,0.0,0.0,R
W-2351470,Rain,Light,Congestion,1.0,0.0,R
W-1379007,Fog,Severe,Congestion,1.0,0.0,R
W-4546812,Rain,Light,Congestion,1.0,0.0,L
W-1379008,Rain,Light,Congestion,1.0,0.0,R
W-2191469,Rain,Light,Congestion,1.0,0.0,R
W-2191470,Rain,Light,Congestion,1.0,0.0,R
W-2191471,Rain,Light,Congestion,1.0,0.0,R
W-5703263,Rain,Light,Congestion,1.0,0.0,R
W-5746508,Rain,Light,Congestion,1.0,0.0,L
W-5586183,Rain,Light,Accident,2.0,0.0,L
W-5496882,Rain,Moderate,Flow-Incident,2.0,0.0,L
W-979891,Rain,Light,Accident,2.0,0.0,L
W-202447,Rain,Light,Congestion,1.0,0.0,L
W-1124560,Rain,Light,Congestion,1.0,0.0,R
W-1186951,Rain,Heavy,Accident,2.0,0.0,R
W-5746509,Rain,Moderate,Congestion,2.0,0.0,R
W-5496883,Rain,Heavy,Flow-Incident,2.0,0.0,L
W-5746510,Rain,Heavy,Lane-Blocked,2.0,0.0,R
W-5746511,Fog,Severe,Congestion,2.0,0.0,R
W-5746512,Rain,Heavy,Lane-Blocked,2.0,0.0,R
W-2351471,Rain,Light,Congestion,2.0,0.0,L
W-2723250,Rain,Light,Lane-Blocked,2.0,0.0,R
W-1186952,Rain,Light,Lane-Blocked,2.0,0.0,R
W-5012776,Rain,Light,Congestion,1.0,0.0,R
W-5746513,Rain,Light,Congestion,1.0,0.0,R
W-202448,Rain,Moderate,Congestion,2.0,0.0,L
W-1317199,Cold,Severe,Broken-Vehicle,3.0,0.0,R
W-3796967,Rain,Light,Broken-Vehicle,3.0,0.0,R
W-202449,Rain,Light,Congestion,1.0,0.0,R
W-303338,Rain,Light,Congestion,1.0,0.0,R
W-2191472,Rain,Light,Congestion,0.0,0.0,R
W-1124561,Rain,Light,Congestion,2.0,0.0,R
W-3258573,Rain,Light,Congestion,1.0,0.0,L
W-1523874,Rain,Light,Congestion,1.0,0.0,L
W-3258574,Rain,Moderate,Congestion,1.0,0.0,L
W-3258575,Rain,Light,Congestion,1.0,0.0,L
W-1124562,Rain,Light,Broken-Vehicle,3.0,0.0,R
W-5496884,Rain,Light,Flow-Incident,2.0,0.0,L
W-1379009,Rain,Light,Congestion,1.0,0.0,L
W-5746514,Rain,Light,Accident,3.0,0.0,R
W-5012777,Rain,Light,Accident,3.0,0.0,R
W-3258577,Rain,Light,Broken-Vehicle,3.0,0.0,R
W-788258,Rain,Light,Congestion,1.0,0.0,R
W-5418872,Rain,Light,Broken-Vehicle,3.0,0.0,R
W-2723252,Rain,Light,Accident,3.0,0.0,R
W-4614808,Rain,Light,Accident,3.0,0.0,R
W-1124563,Rain,Light,Congestion,1.0,0.0,R
W-3258578,Rain,Light,Congestion,1.0,0.0,L
W-2723253,Rain,Moderate,Congestion,2.0,0.0,L
W-1186953,Rain,Light,Congestion,2.0,0.0,L
W-1633966,Rain,Light,Congestion,1.0,0.0,R
W-2723254,Rain,Heavy,Accident,3.0,0.0,R
W-1379010,Rain,Light,Congestion,1.0,0.0,L
W-1317205,Cold,Severe,Congestion,1.0,0.0,L
W-788259,Rain,Heavy,Congestion,2.0,0.0,R
W-1124564,Rain,Light,Congestion,1.0,0.0,R
W-2892811,Rain,Light,Congestion,1.0,0.0,R
W-788260,Rain,Light,Congestion,0.0,0.0,L
W-2723255,Rain,Light,Congestion,2.0,0.0,R
W-278649,Rain,Light,Congestion,0.0,0.0,R
W-202450,Rain,Light,Congestion,2.0,0.0,R
W-278650,Rain,Moderate,Congestion,1.0,0.0,R
W-5767699,Rain,Light,Congestion,1.0,0.0,R
W-202451,Rain,Light,Accident,3.0,0.0,R
W-1317206,Cold,Severe,Congestion,1.0,0.0,R
W-4227830,Rain,Light,Congestion,1.0,0.0,L
W-278651,Precipitation,UNK,Congestion,1.0,0.0,R
W-1317207,Cold,Severe,Congestion,1.0,0.0,R
W-5703264,Rain,Light,Congestion,2.0,0.0,R
W-2191473,Rain,Light,Congestion,2.0,0.0,R
W-5703265,Rain,Heavy,Broken-Vehicle,3.0,0.0,R
W-2351474,Rain,Light,Congestion,1.0,0.0,R
W-3930553,Rain,Light,Congestion,0.0,0.0,R
W-5772654,Rain,Light,Broken-Vehicle,3.0,0.0,R
W-5083299,Rain,Light,Congestion,2.0,0.0,R
W-5703266,Rain,Moderate,Broken-Vehicle,3.0,0.0,R
W-2191474,Rain,Light,Accident,3.0,0.0,R
W-2351475,Rain,Light,Congestion,1.0,0.0,R
W-5083300,Rain,Light,Accident,3.0,0.0,R
W-5703267,Rain,Light,Accident,3.0,0.0,R
W-5767700,Rain,Light,Accident,3.0,0.0,R
W-202452,Rain,Light,Congestion,0.0,0.0,L
W-2191475,Rain,Light,Accident,3.0,0.0,R
W-2351476,Rain,Moderate,Congestion,2.0,0.0,R
W-5767701,Rain,Light,Accident,3.0,0.0,R
W-5703268,Rain,Moderate,Accident,3.0,0.0,R
W-2351477,Rain,Light,Congestion,2.0,0.0,R
W-1713036,Rain,Moderate,Congestion,2.0,0.0,L
W-1713037,Rain,Light,Congestion,2.0,0.0,L
W-4994873,Fog,Severe,Congestion,1.0,0.0,L
W-5586185,Fog,Severe,Accident,2.0,0.0,R
W-5703270,Fog,Severe,Congestion,0.0,0.0,R
W-4994874,Fog,Severe,Congestion,0.0,0.0,R
W-4614814,Fog,Severe,Congestion,1.0,0.0,L
W-5772655,Fog,Moderate,Lane-Blocked,2.0,0.0,R
W-2191476,Cold,Severe,Lane-Blocked,2.0,0.0,R
W-5772656,Fog,Moderate,Lane-Blocked,2.0,0.0,R
W-2892813,Rain,Light,Congestion,1.0,0.0,R
W-303340,Rain,Light,Congestion,1.0,0.0,R
W-1379012,Rain,Light,Congestion,1.0,0.0,L
W-1379013,Rain,Light,Congestion,1.0,0.0,L
W-1713039,Rain,Moderate,Congestion,1.0,0.0,L
W-979892,Rain,Light,Congestion,1.0,0.0,L
W-788264,Rain,Light,Accident,2.0,0.0,L
W-202453,Rain,Light,Flow-Incident,0.0,0.0,R
W-3796970,Rain,Light,Congestion,1.0,0.0,L
W-3796971,Rain,Moderate,Congestion,1.0,0.0,L
W-2351478,Rain,Light,Congestion,0.0,0.0,R
W-3796972,Rain,Heavy,Congestion,1.0,0.0,L
W-4614815,Rain,Light,Flow-Incident,1.0,0.0,L
W-2723256,Rain,Light,Congestion,1.0,0.0,R
W-1317214,Cold,Severe,Congestion,1.0,0.0,L
W-3043001,Rain,Light,Congestion,1.0,0.0,R
W-202454,Rain,Light,Congestion,2.0,0.0,R
W-2351479,Rain,Light,Congestion,2.0,0.0,L
W-2351480,Rain,Heavy,Congestion,2.0,0.0,L
W-202456,Rain,Heavy,Congestion,0.0,0.0,L
W-2351482,Rain,Light,Congestion,0.0,0.0,L
W-5746515,Rain,Light,Congestion,1.0,0.0,R
W-5012778,Rain,Light,Congestion,3.0,0.0,R
W-5012779,Rain,Light,Congestion,2.0,0.0,R
W-5418875,Rain,Light,Accident,3.0,0.0,R
W-5012780,Rain,Light,Accident,3.0,0.0,R
W-1633968,Rain,Moderate,Accident,2.0,0.0,R
W-5703275,Fog,Severe,Congestion,2.0,0.0,R
W-5012781,Rain,Light,Congestion,1.0,0.0,R
W-1633969,Precipitation,UNK,Broken-Vehicle,3.0,0.0,R
W-5746516,Rain,Light,Broken-Vehicle,3.0,0.0,R
W-5496889,Rain,Light,Congestion,1.0,0.0,R
W-1124566,Rain,Light,Congestion,1.0,0.0,R
W-1633970,Rain,Moderate,Congestion,2.0,0.0,R
W-1633971,Rain,Light,Congestion,2.0,0.0,R
W-1317219,Cold,Severe,Congestion,1.0,0.0,L
W-5418876,Rain,Moderate,Congestion,0.0,0.0,R
W-5418877,Rain,Heavy,Congestion,1.0,0.0,L
W-2013071,Rain,Light,Congestion,1.0,0.0,R
W-1317221,Cold,Severe,Congestion,2.0,0.0,R
W-2191481,Rain,Light,Congestion,1.0,0.0,R
W-979893,Rain,Light,Congestion,2.0,0.0,L
W-5012782,Rain,Light,Congestion,1.0,0.0,R
W-1713044,Rain,Heavy,Congestion,2.0,0.0,R
W-1490435,Rain,Light,Congestion,1.0,0.0,L
W-2892822,Rain,Light,Congestion,1.0,0.0,L
W-4227835,Rain,Light,Congestion,2.0,0.0,R
W-4994877,Rain,Light,Congestion,1.0,0.0,R
W-979894,Rain,Heavy,Congestion,1.0,0.0,L
W-202457,Rain,Light,Congestion,2.0,0.0,R
W-2351483,Rain,Light,Congestion,2.0,0.0,R
W-5012783,Rain,Light,Congestion,1.0,0.0,R
W-1713045,Rain,Light,Congestion,1.0,0.0,R
W-1317222,Cold,Severe,Congestion,1.0,0.0,R
W-2892823,Rain,Light,Congestion,1.0,0.0,R
W-3043006,Rain,Light,Congestion,2.0,0.0,R
W-2723257,Rain,Light,Congestion,1.0,0.0,R
W-278654,Rain,Light,Congestion,1.0,0.0,R
W-979895,Precipitation,UNK,Congestion,1.0,0.0,L
W-3796974,Rain,Light,Congestion,1.0,0.0,L
W-2191482,Rain,Light,Congestion,1.0,0.0,R
W-4994878,Rain,Light,Congestion,1.0,0.0,R
W-788265,Rain,Light,Congestion,0.0,0.0,R
W-202458,Rain,Moderate,Congestion,0.0,0.0,R
W-1317223,Rain,Light,Accident,3.0,0.0,R
W-3930559,Rain,Light,Congestion,1.0,0.0,R
W-3796975,Rain,Moderate,Congestion,2.0,0.0,R
W-202459,Rain,Heavy,Congestion,0.0,0.0,R
W-2248680,Precipitation,UNK,Accident,2.0,0.0,L
W-5083304,Rain,Moderate,Flow-Incident,2.0,0.0,R
W-5586188,Rain,Light,Accident,2.0,0.0,L
W-5083305,Fog,Severe,Flow-Incident,2.0,0.0,R
W-2248681,Rain,Heavy,Accident,2.0,0.0,L
W-925213,Rain,Light,Congestion,3.0,0.0,R
W-5083306,Rain,Heavy,Flow-Incident,2.0,0.0,R
W-3796976,Rain,Heavy,Congestion,0.0,0.0,R
W-2723258,Rain,Heavy,Congestion,0.0,0.0,L
W-2351484,Rain,Moderate,Congestion,1.0,0.0,L
W-2892824,Rain,Light,Congestion,1.0,0.0,L
W-2248682,Precipitation,UNK,Congestion,2.0,0.0,R
W-4894956,Rain,Light,Congestion,1.0,0.0,R
W-1317224,Cold,Severe,Congestion,1.0,0.0,R
W-2191483,Rain,Light,Congestion,3.0,0.0,R
W-202460,Rain,Light,Congestion,1.0,0.0,L
W-2723259,Rain,Light,Congestion,2.0,0.0,R
W-3796977,Rain,Light,Congestion,1.0,0.0,R
W-2351485,Rain,Light,Congestion,2.0,0.0,L
W-278655,Rain,Light,Congestion,2.0,0.0,R
W-5083307,Rain,Light,Flow-Incident,2.0,0.0,R
W-4894957,Rain,Light,Congestion,1.0,0.0,R
W-1713046,Rain,Moderate,Congestion,1.0,0.0,L
W-1713047,Fog,Severe,Congestion,1.0,0.0,L
W-4227836,Rain,Light,Congestion,1.0,0.0,R
W-1713048,Rain,Heavy,Congestion,1.0,0.0,L
W-5767705,Rain,Light,Congestion,1.0,0.0,L
W-788266,Rain,Light,Accident,2.0,0.0,R
W-2723260,Rain,Light,Accident,2.0,0.0,R
W-2892825,Rain,Light,Accident,2.0,0.0,L
W-2248683,Rain,Light,Congestion,0.0,0.0,L
W-3930560,Rain,Light,Accident,3.0,0.0,R
W-4994879,Rain,Light,Flow-Incident,3.0,0.0,R
W-1317227,Cold,Severe,Congestion,2.0,0.0,L
W-1317228,Cold,Severe,Congestion,2.0,0.0,L
W-5012784,Rain,Light,Congestion,1.0,0.0,R
W-979897,Rain,Light,Congestion,2.0,0.0,R
W-925215,Rain,Light,Accident,3.0,0.0,R
W-4994880,Rain,Light,Accident,3.0,0.0,R
W-4994881,Storm,Severe,Accident,3.0,0.0,R
W-2723261,Rain,Light,Congestion,1.0,0.0,R
W-4994882,Rain,Heavy,Accident,3.0,0.0,R
W-303341,Rain,Light,Congestion,1.0,0.0,L
W-3796978,Rain,Light,Congestion,1.0,0.0,R
W-4994883,Rain,Light,Accident,3.0,0.0,R
W-788267,Rain,Light,Congestion,2.0,0.0,R
W-2723262,Storm,Severe,Congestion,1.0,0.0,R
W-2723263,Rain,Moderate,Congestion,1.0,0.0,R
W-2723264,Rain,Heavy,Congestion,1.0,0.0,R
W-3796979,Rain,Moderate,Congestion,1.0,0.0,R
W-5418878,Rain,Light,Congestion,1.0,0.0,R
W-788268,Rain,Moderate,Congestion,1.0,0.0,R
W-788269,Rain,Light,Congestion,1.0,0.0,R
W-2723265,Rain,Light,Congestion,1.0,0.0,R
W-5746517,Rain,Light,Congestion,1.0,0.0,R
W-5012785,Rain,Light,Congestion,1.0,0.0,R
W-5418879,Rain,Light,Accident,3.0,0.0,R
W-2013072,Rain,Light,Congestion,2.0,0.0,R
W-5012786,Rain,Light,Congestion,1.0,0.0,R
W-5746518,Fog,Severe,Congestion,1.0,0.0,R
W-5746519,Rain,Light,Congestion,1.0,0.0,R
W-3842660,Rain,Light,Congestion,1.0,0.0,L
W-1909403,Rain,Light,Congestion,1.0,0.0,L
W-2191485,Rain,Light,Congestion,2.0,0.0,L
W-3258580,Rain,Light,Congestion,2.0,0.0,L
W-2013073,Rain,Light,Congestion,1.0,0.0,R
W-5703277,Fog,Moderate,Congestion,2.0,0.0,R
W-2191486,Rain,Light,Congestion,2.0,0.0,R
W-5703278,Fog,Severe,Congestion,2.0,0.0,R
W-2723266,Rain,Light,Accident,3.0,0.0,R
W-1186954,Rain,Light,Accident,3.0,0.0,R
W-1909404,Rain,Light,Congestion,2.0,0.0,L
W-5496894,Rain,Light,Congestion,2.0,0.0,R
W-788270,Rain,Light,Accident,3.0,0.0,R
W-2892834,Rain,Light,Congestion,2.0,0.0,R
W-2191487,Rain,Light,Lane-Blocked,3.0,0.0,R
W-5496895,Rain,Light,Congestion,2.0,0.0,R
W-5703279,Rain,Light,Lane-Blocked,3.0,0.0,R
W-788271,Rain,Moderate,Congestion,1.0,0.0,R
W-2723267,Rain,Moderate,Congestion,1.0,0.0,R
W-788272,Fog,Severe,Congestion,1.0,0.0,R
W-788273,Rain,Heavy,Congestion,1.0,0.0,R
W-1586448,Rain,Light,Congestion,2.0,0.0,R
W-5496896,Rain,Light,Congestion,2.0,0.0,R
W-5767707,Rain,Light,Lane-Blocked,3.0,0.0,R
W-788274,Rain,Light,Congestion,1.0,0.0,R
W-2723268,Rain,Light,Congestion,1.0,0.0,L
W-1124575,Rain,Light,Accident,3.0,0.0,R
W-5418881,Rain,Light,Congestion,1.0,0.0,R
W-5746522,Rain,Light,Broken-Vehicle,3.0,0.0,R
W-1633975,Rain,Light,Broken-Vehicle,3.0,0.0,R
W-1317243,Cold,Severe,Congestion,1.0,0.0,R
W-5746523,Rain,Light,Accident,2.0,0.0,L
W-3796986,Rain,Moderate,Congestion,0.0,0.0,R
W-2723269,Rain,Light,Lane-Blocked,2.0,0.0,L
W-5703281,Rain,Light,Congestion,2.0,0.0,R
W-3796987,Rain,Light,Congestion,1.0,0.0,R
W-3043008,Rain,Light,Congestion,2.0,0.0,L
W-2723270,Rain,Light,Broken-Vehicle,2.0,0.0,R
W-788275,Rain,Light,Congestion,2.0,0.0,R
W-1124576,Rain,Light,Broken-Vehicle,3.0,0.0,R
W-3796988,Rain,Heavy,Congestion,1.0,0.0,R
W-3796989,Rain,Light,Congestion,1.0,0.0,L
W-2351495,Rain,Light,Congestion,0.0,0.0,R
W-788276,Rain,Light,Congestion,2.0,0.0,R
W-278660,Rain,Light,Congestion,1.0,0.0,R
W-303352,Rain,Light,Congestion,1.0,0.0,L
W-202467,Rain,Heavy,Congestion,0.0,0.0,R
W-2351496,Fog,Severe,Congestion,0.0,0.0,R
W-1317245,Cold,Severe,Congestion,2.0,0.0,L
W-278661,Rain,Light,Congestion,1.0,0.0,L
W-2351497,Rain,Heavy,Congestion,0.0,0.0,R
W-202468,Rain,Light,Congestion,0.0,0.0,R
W-4994888,Rain,Light,Lane-Blocked,3.0,0.0,R
W-1713058,Rain,Light,Congestion,2.0,0.0,L
W-2351498,Precipitation,UNK,Congestion,0.0,0.0,R
W-2351499,Rain,Heavy,Congestion,0.0,0.0,R
W-202469,Rain,Light,Congestion,0.0,0.0,R
W-4227840,Rain,Light,Congestion,1.0,0.0,R
W-303353,Rain,Light,Congestion,1.0,0.0,L
W-1317248,Cold,Severe,Congestion,2.0,0.0,L
W-1124577,Rain,Light,Congestion,1.0,0.0,R
W-303354,Rain,Light,Congestion,2.0,0.0,L
W-5746524,Rain,Light,Congestion,2.0,0.0,R
W-5012788,Rain,Light,Congestion,1.0,0.0,R
W-1633977,Rain,Light,Lane-Blocked,3.0,0.0,R
W-5496899,Rain,Light,Congestion,0.0,0.0,L
W-5586196,Fog,Severe,Lane-Blocked,2.0,0.0,L
W-1124578,Rain,Light,Congestion,1.0,0.0,R
W-5418882,Rain,Moderate,Congestion,2.0,0.0,R
W-5746525,Rain,Moderate,Congestion,0.0,0.0,L
W-1633978,Rain,Light,Accident,2.0,0.0,R
W-1633979,Rain,Moderate,Accident,2.0,0.0,R
W-1633980,Rain,Light,Accident,2.0,0.0,R
W-1317250,Cold,Severe,Congestion,2.0,0.0,L
W-3796990,Rain,Light,Congestion,1.0,0.0,R
W-2723271,Rain,Light,Congestion,1.0,0.0,R
W-5496900,Rain,Light,Congestion,2.0,0.0,L
W-1317251,Cold,Severe,Congestion,1.0,0.0,L
W-788277,Rain,Light,Congestion,1.0,0.0,L
W-2723272,Rain,Light,Accident,3.0,0.0,R
W-788278,Rain,Moderate,Accident,3.0,0.0,R
W-2723273,Rain,Moderate,Accident,3.0,0.0,R
W-2145322,Rain,Light,Congestion,1.0,0.0,L
W-1633981,Rain,Light,Congestion,1.0,0.0,R
W-788279,Rain,Heavy,Congestion,1.0,0.0,R
W-5012789,Rain,Light,Congestion,0.0,0.0,R
W-5496901,Rain,Light,Congestion,1.0,0.0,R
W-2723274,Rain,Moderate,Lane-Blocked,2.0,0.0,R
W-1317252,Rain,Light,Construction,2.0,0.0,L
W-788280,Fog,Severe,Congestion,1.0,0.0,L
W-2145323,Rain,Light,Congestion,2.0,0.0,R
W-788281,Rain,Heavy,Congestion,1.0,0.0,R
W-5012790,Rain,Light,Congestion,2.0,0.0,R
W-1713059,Rain,Light,Construction,2.0,0.0,L
W-2723275,Rain,Light,Congestion,1.0,0.0,R
W-1317253,Cold,Severe,Construction,2.0,0.0,L
W-788282,Rain,Light,Congestion,2.0,0.0,R
W-5418883,Rain,Light,Accident,3.0,0.0,R
W-4994892,Rain,Light,Congestion,1.0,0.0,R
W-4227841,Rain,Light,Congestion,1.0,0.0,R
W-3796991,Rain,Heavy,Congestion,1.0,0.0,R
W-2723276,Rain,Heavy,Congestion,1.0,0.0,R
W-303358,Rain,Light,Congestion,1.0,0.0,L
W-1713060,Rain,Moderate,Congestion,1.0,0.0,L
W-2892851,Rain,Light,Congestion,1.0,0.0,L
W-3043009,Rain,Light,Congestion,1.0,0.0,R
W-1713061,Rain,Light,Congestion,1.0,0.0,L
W-5772661,Rain,Light,Congestion,0.0,0.0,L
W-2191492,Rain,Light,Accident,3.0,0.0,R
W-4227842,Rain,Light,Congestion,1.0,0.0,L
